date,path,title,count,uniques
2026-04-06,/lakshgk/distill,Overview,42,10
2026-04-06,/lakshgk/distill/tree/main,/tree/main,10,4
2026-04-06,/lakshgk/distill/tree/main/packages,/tree/main/packages,9,6
2026-04-06,/lakshgk/distill/tree/main/docs,/tree/main/docs,8,3
2026-04-06,/lakshgk/distill/blob/main/README.md,/blob/main/README.md,7,3
2026-04-06,/lakshgk/distill/blob/main/docs/index.html,/blob/main/docs/index.html,5,2
2026-04-06,/lakshgk/distill/tree/main/packages/app,/tree/main/packages/app,4,4
2026-04-06,/lakshgk/distill/tree/main/packages/app/tests,/tree/main/packages/app/tests,4,2
2026-04-06,/lakshgk/distill/blob/main/LICENSE,/blob/main/LICENSE,3,3
2026-04-06,/lakshgk/distill/blob/main/docs/CONTRIBUTING.md,/blob/main/docs/CONTRIBUTING.md,3,2
2026-04-07,/lakshgk/distill,Overview,42,10
2026-04-07,/lakshgk/distill/tree/main,/tree/main,10,4
2026-04-07,/lakshgk/distill/tree/main/packages,/tree/main/packages,9,6
2026-04-07,/lakshgk/distill/tree/main/docs,/tree/main/docs,8,3
2026-04-07,/lakshgk/distill/blob/main/README.md,/blob/main/README.md,7,3
2026-04-07,/lakshgk/distill/blob/main/docs/index.html,/blob/main/docs/index.html,5,2
2026-04-07,/lakshgk/distill/tree/main/packages/app,/tree/main/packages/app,4,4
2026-04-07,/lakshgk/distill/tree/main/packages/app/tests,/tree/main/packages/app/tests,4,2
2026-04-07,/lakshgk/distill/blob/main/LICENSE,/blob/main/LICENSE,3,3
2026-04-07,/lakshgk/distill/blob/main/docs/CONTRIBUTING.md,/blob/main/docs/CONTRIBUTING.md,3,2
2026-04-08,/lakshgk/distill,Overview,48,12
2026-04-08,/lakshgk/distill/tree/main,/tree/main,10,4
2026-04-08,/lakshgk/distill/tree/main/packages,/tree/main/packages,9,6
2026-04-08,/lakshgk/distill/tree/main/docs,/tree/main/docs,8,3
2026-04-08,/lakshgk/distill/blob/main/README.md,/blob/main/README.md,7,3
2026-04-08,/lakshgk/distill/actions/workflows/traffic-metrics.yml,/actions/workflows/traffic-metrics.yml,6,1
2026-04-08,/lakshgk/distill/pull/1,/pull/1,6,1
2026-04-08,/lakshgk/distill/blob/main/docs/index.html,/blob/main/docs/index.html,5,2
2026-04-08,/lakshgk/distill/actions,/actions,5,1
2026-04-08,/lakshgk/distill/tree/main/packages/app,/tree/main/packages/app,4,4
2026-04-09,/lakshgk/distill,Overview,50,13
2026-04-09,/lakshgk/distill/tree/main,/tree/main,10,4
2026-04-09,/lakshgk/distill/tree/main/packages,/tree/main/packages,9,6
2026-04-09,/lakshgk/distill/tree/main/docs,/tree/main/docs,8,3
2026-04-09,/lakshgk/distill/blob/main/README.md,/blob/main/README.md,7,3
2026-04-09,/lakshgk/distill/actions/workflows/traffic-metrics.yml,/actions/workflows/traffic-metrics.yml,6,1
2026-04-09,/lakshgk/distill/pull/1,/pull/1,6,1
2026-04-09,/lakshgk/distill/blob/main/docs/index.html,/blob/main/docs/index.html,5,2
2026-04-09,/lakshgk/distill/actions,/actions,5,1
2026-04-09,/lakshgk/distill/tree/main/packages/app,/tree/main/packages/app,4,4
2026-04-10,/lakshgk/distill,Overview,51,13
2026-04-10,/lakshgk/distill/tree/main,/tree/main,11,5
2026-04-10,/lakshgk/distill/tree/main/packages,/tree/main/packages,9,6
2026-04-10,/lakshgk/distill/tree/main/docs,/tree/main/docs,8,3
2026-04-10,/lakshgk/distill/blob/main/README.md,/blob/main/README.md,7,3
2026-04-10,/lakshgk/distill/actions/workflows/traffic-metrics.yml,/actions/workflows/traffic-metrics.yml,6,1
2026-04-10,/lakshgk/distill/pull/1,/pull/1,6,1
2026-04-10,/lakshgk/distill/blob/main/docs/index.html,/blob/main/docs/index.html,5,2
2026-04-10,/lakshgk/distill/actions,/actions,5,1
2026-04-10,/lakshgk/distill/tree/main/packages/app,/tree/main/packages/app,4,4
2026-04-11,/lakshgk/distill,Overview,53,14
2026-04-11,/lakshgk/distill/tree/main,/tree/main,13,5
2026-04-11,/lakshgk/distill/tree/main/packages,/tree/main/packages,9,6
2026-04-11,/lakshgk/distill/tree/main/docs,/tree/main/docs,8,3
2026-04-11,/lakshgk/distill/blob/main/README.md,/blob/main/README.md,7,3
2026-04-11,/lakshgk/distill/actions/workflows/traffic-metrics.yml,/actions/workflows/traffic-metrics.yml,6,1
2026-04-11,/lakshgk/distill/pull/1,/pull/1,6,1
2026-04-11,/lakshgk/distill/blob/main/docs/index.html,/blob/main/docs/index.html,5,2
2026-04-11,/lakshgk/distill/actions,/actions,5,1
2026-04-11,/lakshgk/distill/tree/main/packages/app,/tree/main/packages/app,4,4
2026-04-12,/lakshgk/distill,Overview,46,14
2026-04-12,/lakshgk/distill/tree/main,/tree/main,13,5
2026-04-12,/lakshgk/distill/tree/main/packages,/tree/main/packages,10,7
2026-04-12,/lakshgk/distill/tree/main/docs,/tree/main/docs,8,3
2026-04-12,/lakshgk/distill/blob/main/README.md,/blob/main/README.md,7,3
2026-04-12,/lakshgk/distill/actions/workflows/traffic-metrics.yml,/actions/workflows/traffic-metrics.yml,6,1
2026-04-12,/lakshgk/distill/pull/1,/pull/1,6,1
2026-04-12,/lakshgk/distill/blob/main/docs/index.html,/blob/main/docs/index.html,5,2
2026-04-12,/lakshgk/distill/actions,/actions,5,1
2026-04-12,/lakshgk/distill/tree/main/packages/app,/tree/main/packages/app,4,4
2026-04-13,/lakshgk/distill,Overview,40,15
2026-04-13,/lakshgk/distill/tree/main,/tree/main,10,5
2026-04-13,/lakshgk/distill/tree/main/packages,/tree/main/packages,8,6
2026-04-13,/lakshgk/distill/tree/main/docs,/tree/main/docs,6,3
2026-04-13,/lakshgk/distill/actions/workflows/traffic-metrics.yml,/actions/workflows/traffic-metrics.yml,6,1
2026-04-13,/lakshgk/distill/pull/1,/pull/1,6,1
2026-04-13,/lakshgk/distill/blob/main/docs/index.html,/blob/main/docs/index.html,5,2
2026-04-13,/lakshgk/distill/actions,/actions,5,1
2026-04-13,/lakshgk/distill/graphs/contributors,/graphs/contributors,4,3
2026-04-13,/lakshgk/distill/tree/main/packages/app/tests,/tree/main/packages/app/tests,4,2
2026-04-14,/lakshgk/distill,Overview,38,15
2026-04-14,/lakshgk/distill/tree/main,/tree/main,10,5
2026-04-14,/lakshgk/distill/tree/main/packages,/tree/main/packages,8,6
2026-04-14,/lakshgk/distill/blob/main/docs/index.html,/blob/main/docs/index.html,6,2
2026-04-14,/lakshgk/distill/actions/workflows/traffic-metrics.yml,/actions/workflows/traffic-metrics.yml,6,1
2026-04-14,/lakshgk/distill/pull/1,/pull/1,6,1
2026-04-14,/lakshgk/distill/blob/main/docs/quickstart-library.md,/blob/main/docs/quickstart-library.md,5,3
2026-04-14,/lakshgk/distill/actions,/actions,5,1
2026-04-14,/lakshgk/distill/graphs/contributors,/graphs/contributors,4,3
2026-04-14,/lakshgk/distill/tree/main/docs,/tree/main/docs,4,3
2026-04-15,/lakshgk/distill,Overview,40,14
2026-04-15,/lakshgk/distill/tree/main,/tree/main,12,5
2026-04-15,/lakshgk/distill/tree/main/packages,/tree/main/packages,11,7
2026-04-15,/lakshgk/distill/blob/main/docs/quickstart-library.md,/blob/main/docs/quickstart-library.md,6,4
2026-04-15,/lakshgk/distill/actions/workflows/traffic-metrics.yml,/actions/workflows/traffic-metrics.yml,6,1
2026-04-15,/lakshgk/distill/pull/1,/pull/1,6,1
2026-04-15,/lakshgk/distill/tree/main/packages/app,/tree/main/packages/app,5,4
2026-04-15,/lakshgk/distill/tree/main/docs,/tree/main/docs,5,3
2026-04-15,/lakshgk/distill/actions,/actions,5,1
2026-04-15,/lakshgk/distill/graphs/contributors,/graphs/contributors,4,3
2026-04-16,/lakshgk/distill,Overview,34,13
2026-04-16,/lakshgk/distill/tree/main,/tree/main,11,4
2026-04-16,/lakshgk/distill/tree/main/packages,/tree/main/packages,10,6
2026-04-16,/lakshgk/distill/blob/main/docs/quickstart-library.md,/blob/main/docs/quickstart-library.md,6,4
2026-04-16,/lakshgk/distill/actions/workflows/traffic-metrics.yml,/actions/workflows/traffic-metrics.yml,6,1
2026-04-16,/lakshgk/distill/pull/1,/pull/1,6,1
2026-04-16,/lakshgk/distill/tree/main/packages/app,/tree/main/packages/app,5,4
2026-04-16,/lakshgk/distill/tree/main/docs,/tree/main/docs,5,3
2026-04-16,/lakshgk/distill/actions,/actions,5,1
2026-04-16,/lakshgk/distill/tree/main/packages/app/tests,/tree/main/packages/app/tests,4,2
2026-04-17,/lakshgk/distill,Overview,25,11
2026-04-17,/lakshgk/distill/blob/main/docs/quickstart-library.md,/blob/main/docs/quickstart-library.md,6,4
2026-04-17,/lakshgk/distill/tree/main,/tree/main,6,4
2026-04-17,/lakshgk/distill/actions/workflows/traffic-metrics.yml,/actions/workflows/traffic-metrics.yml,6,1
2026-04-17,/lakshgk/distill/pull/1,/pull/1,6,1
2026-04-17,/lakshgk/distill/actions,/actions,5,1
2026-04-17,/lakshgk/distill/tree/main/packages,/tree/main/packages,4,2
2026-04-17,/lakshgk/distill/blob/main/docs/quickstart-service.md,/blob/main/docs/quickstart-service.md,3,3
2026-04-17,/lakshgk/distill/graphs/contributors,/graphs/contributors,3,3
2026-04-17,/lakshgk/distill/tree/main/packages/core,/tree/main/packages/core,2,2
2026-04-18,/lakshgk/distill,Overview,20,12
2026-04-18,/lakshgk/distill/blob/main/docs/quickstart-library.md,/blob/main/docs/quickstart-library.md,7,5
2026-04-18,/lakshgk/distill/tree/main,/tree/main,6,4
2026-04-18,/lakshgk/distill/actions/workflows/traffic-metrics.yml,/actions/workflows/traffic-metrics.yml,6,1
2026-04-18,/lakshgk/distill/pull/1,/pull/1,6,1
2026-04-18,/lakshgk/distill/actions,/actions,5,1
2026-04-18,/lakshgk/distill/tree/main/packages,/tree/main/packages,4,2
2026-04-18,/lakshgk/distill/blob/main/docs/quickstart-service.md,/blob/main/docs/quickstart-service.md,3,3
2026-04-18,/lakshgk/distill/graphs/contributors,/graphs/contributors,3,3
2026-04-18,/lakshgk/distill/tree/main/packages/core,/tree/main/packages/core,2,2
2026-04-19,/lakshgk/distill,Overview,20,12
2026-04-19,/lakshgk/distill/blob/main/docs/quickstart-library.md,/blob/main/docs/quickstart-library.md,7,5
2026-04-19,/lakshgk/distill/tree/main,/tree/main,6,4
2026-04-19,/lakshgk/distill/actions/workflows/traffic-metrics.yml,/actions/workflows/traffic-metrics.yml,6,1
2026-04-19,/lakshgk/distill/pull/1,/pull/1,6,1
2026-04-19,/lakshgk/distill/actions,/actions,5,1
2026-04-19,/lakshgk/distill/tree/main/packages,/tree/main/packages,4,2
2026-04-19,/lakshgk/distill/blob/main/docs/quickstart-service.md,/blob/main/docs/quickstart-service.md,3,3
2026-04-19,/lakshgk/distill/graphs/contributors,/graphs/contributors,3,3
2026-04-19,/lakshgk/distill/tree/main/packages/core,/tree/main/packages/core,2,2
2026-04-20,/lakshgk/distill,Overview,20,12
2026-04-20,/lakshgk/distill/blob/main/docs/quickstart-library.md,/blob/main/docs/quickstart-library.md,7,5
2026-04-20,/lakshgk/distill/tree/main,/tree/main,6,4
2026-04-20,/lakshgk/distill/actions/workflows/traffic-metrics.yml,/actions/workflows/traffic-metrics.yml,6,1
2026-04-20,/lakshgk/distill/pull/1,/pull/1,6,1
2026-04-20,/lakshgk/distill/actions,/actions,5,1
2026-04-20,/lakshgk/distill/tree/main/packages,/tree/main/packages,4,2
2026-04-20,/lakshgk/distill/blob/main/docs/quickstart-service.md,/blob/main/docs/quickstart-service.md,3,3
2026-04-20,/lakshgk/distill/graphs/contributors,/graphs/contributors,3,3
2026-04-20,/lakshgk/distill/tree/main/packages/core,/tree/main/packages/core,2,2
2026-04-21,/lakshgk/distill,Overview,20,12
2026-04-21,/lakshgk/distill/blob/main/docs/quickstart-library.md,/blob/main/docs/quickstart-library.md,7,5
2026-04-21,/lakshgk/distill/tree/main,/tree/main,6,4
2026-04-21,/lakshgk/distill/actions/workflows/traffic-metrics.yml,/actions/workflows/traffic-metrics.yml,6,1
2026-04-21,/lakshgk/distill/pull/1,/pull/1,6,1
2026-04-21,/lakshgk/distill/actions,/actions,5,1
2026-04-21,/lakshgk/distill/tree/main/packages,/tree/main/packages,4,2
2026-04-21,/lakshgk/distill/blob/main/docs/quickstart-service.md,/blob/main/docs/quickstart-service.md,3,3
2026-04-21,/lakshgk/distill/graphs/contributors,/graphs/contributors,3,3
2026-04-21,/lakshgk/distill/tree/main/packages/core,/tree/main/packages/core,2,2
2026-04-22,/lakshgk/distill,Overview,14,10
2026-04-22,/lakshgk/distill/blob/main/docs/quickstart-library.md,/blob/main/docs/quickstart-library.md,7,5
2026-04-22,/lakshgk/distill/tree/main,/tree/main,6,4
2026-04-22,/lakshgk/distill/tree/main/packages,/tree/main/packages,4,2
2026-04-22,/lakshgk/distill/blob/main/docs/quickstart-service.md,/blob/main/docs/quickstart-service.md,3,3
2026-04-22,/lakshgk/distill/tree/main/packages/core,/tree/main/packages/core,2,2
2026-04-22,/lakshgk/distill/tree/main/packages/core/distill,/tree/main/packages/core/distill,2,2
2026-04-22,/lakshgk/distill/tree/main/docs,/tree/main/docs,2,1
2026-04-22,/lakshgk/distill/tree/main/packages/app,/tree/main/packages/app,2,1
2026-04-22,/lakshgk/distill/blob/main/README.md,/blob/main/README.md,1,1
2026-04-23,/lakshgk/distill,Overview,12,9
2026-04-23,/lakshgk/distill/blob/main/docs/quickstart-library.md,/blob/main/docs/quickstart-library.md,7,5
2026-04-23,/lakshgk/distill/tree/main,/tree/main,6,4
2026-04-23,/lakshgk/distill/tree/main/packages,/tree/main/packages,4,2
2026-04-23,/lakshgk/distill/blob/main/docs/quickstart-service.md,/blob/main/docs/quickstart-service.md,2,2
2026-04-23,/lakshgk/distill/tree/main/packages/core,/tree/main/packages/core,2,2
2026-04-23,/lakshgk/distill/tree/main/packages/core/distill,/tree/main/packages/core/distill,2,2
2026-04-23,/lakshgk/distill/tree/main/docs,/tree/main/docs,2,1
2026-04-23,/lakshgk/distill/tree/main/packages/app,/tree/main/packages/app,2,1
2026-04-23,/lakshgk/distill/blob/main/README.md,/blob/main/README.md,1,1
2026-04-24,/lakshgk/distill,Overview,12,10
2026-04-24,/lakshgk/distill/blob/main/docs/quickstart-library.md,/blob/main/docs/quickstart-library.md,7,5
2026-04-24,/lakshgk/distill/tree/main,/tree/main,5,3
2026-04-24,/lakshgk/distill/tree/main/packages,/tree/main/packages,4,2
2026-04-24,/lakshgk/distill/blob/main/docs/quickstart-service.md,/blob/main/docs/quickstart-service.md,2,2
2026-04-24,/lakshgk/distill/tree/main/packages/core,/tree/main/packages/core,2,2
2026-04-24,/lakshgk/distill/tree/main/packages/core/distill,/tree/main/packages/core/distill,2,2
2026-04-24,/lakshgk/distill/tree/main/docs,/tree/main/docs,2,1
2026-04-24,/lakshgk/distill/tree/main/packages/app,/tree/main/packages/app,2,1
2026-04-24,/lakshgk/distill/blob/main/README.md,/blob/main/README.md,1,1
2026-04-25,/lakshgk/distill,Overview,12,8
2026-04-25,/lakshgk/distill/blob/main/docs/quickstart-library.md,/blob/main/docs/quickstart-library.md,6,4
2026-04-25,/lakshgk/distill/tree/main/packages,/tree/main/packages,4,2
2026-04-25,/lakshgk/distill/tree/main,/tree/main,3,2
2026-04-25,/lakshgk/distill/tree/main/packages/core,/tree/main/packages/core,2,2
2026-04-25,/lakshgk/distill/tree/main/packages/core/distill,/tree/main/packages/core/distill,2,2
2026-04-25,/lakshgk/distill/tree/main/docs,/tree/main/docs,2,1
2026-04-25,/lakshgk/distill/tree/main/packages/app,/tree/main/packages/app,2,1
2026-04-25,/lakshgk/distill/blob/main/README.md,/blob/main/README.md,1,1
2026-04-25,/lakshgk/distill/blob/main/data/traffic/views.csv,/blob/main/data/traffic/views.csv,1,1
2026-04-26,/lakshgk/distill,Overview,11,7
2026-04-26,/lakshgk/distill/blob/main/docs/quickstart-library.md,/blob/main/docs/quickstart-library.md,5,3
2026-04-26,/lakshgk/distill/tree/main,/tree/main,4,3
2026-04-26,/lakshgk/distill/tree/main/packages,/tree/main/packages,3,1
2026-04-26,/lakshgk/distill/tree/main/docs,/tree/main/docs,2,1
2026-04-26,/lakshgk/distill/tree/main/packages/app,/tree/main/packages/app,2,1
2026-04-26,/lakshgk/distill/blob/main/README.md,/blob/main/README.md,1,1
2026-04-26,/lakshgk/distill/blob/main/data/traffic/views.csv,/blob/main/data/traffic/views.csv,1,1
2026-04-26,/lakshgk/distill/blob/main/docs/configuration.md,/blob/main/docs/configuration.md,1,1
2026-04-26,/lakshgk/distill/blob/main/docs/index.html,/blob/main/docs/index.html,1,1
2026-04-27,/lakshgk/distill,Overview,11,7
2026-04-27,/lakshgk/distill/blob/main/docs/quickstart-library.md,/blob/main/docs/quickstart-library.md,5,3
2026-04-27,/lakshgk/distill/tree/main,/tree/main,4,3
2026-04-27,/lakshgk/distill/tree/main/packages,/tree/main/packages,3,1
2026-04-27,/lakshgk/distill/tree/main/docs,/tree/main/docs,2,1
2026-04-27,/lakshgk/distill/tree/main/packages/app,/tree/main/packages/app,2,1
2026-04-27,/lakshgk/distill/blob/main/README.md,/blob/main/README.md,1,1
2026-04-27,/lakshgk/distill/blob/main/data/traffic/views.csv,/blob/main/data/traffic/views.csv,1,1
2026-04-27,/lakshgk/distill/blob/main/docs/configuration.md,/blob/main/docs/configuration.md,1,1
2026-04-27,/lakshgk/distill/blob/main/docs/index.html,/blob/main/docs/index.html,1,1
