date,referrer,count,uniques
2026-04-06,lakshgk.github.io,46,9
2026-04-06,github.com,31,3
2026-04-06,Google,2,2
2026-04-07,lakshgk.github.io,46,9
2026-04-07,github.com,31,3
2026-04-07,Google,2,2
2026-04-08,lakshgk.github.io,53,10
2026-04-08,github.com,31,3
2026-04-08,Google,2,2
2026-04-09,lakshgk.github.io,55,10
2026-04-09,github.com,32,4
2026-04-09,Google,2,2
2026-04-10,lakshgk.github.io,56,10
2026-04-10,github.com,32,4
2026-04-10,Google,2,2
2026-04-11,lakshgk.github.io,58,11
2026-04-11,github.com,34,6
2026-04-11,Google,2,2
2026-04-12,lakshgk.github.io,69,11
2026-04-12,github.com,29,6
2026-04-12,Google,2,2
2026-04-13,lakshgk.github.io,72,11
2026-04-13,github.com,12,6
2026-04-13,Google,2,2
2026-04-14,lakshgk.github.io,76,11
2026-04-14,github.com,10,6
2026-04-14,Google,2,2
2026-04-15,lakshgk.github.io,76,10
2026-04-15,github.com,24,6
2026-04-15,Google,2,2
